lang,category,preferred,avoid,note
zh,brand,客製化系統,解決方案|一體適用,說具體的事；不用空泛的「解決方案」
zh,brand,長期的系統夥伴,AI 代理商|代工|接案,我們是系統夥伴，不是代工或接案
zh,brand,值得長期經營,快速便宜|低價,
zh,brand,把困難的事做得像魔法一樣自然,黑科技|革命性|顛覆,不炒作
zh,brand,打造、建立、做,賦能|抓手|閉環|顆粒度|落地,中國大陸商業術語，改用具體的動詞
zh,brand,合作、一起做,搶攻|攻佔|殲滅|火力全開,不用戰爭用語
zh,brand,您,你,對外內容稱呼讀者用「您」（DR-008）
zh,brand,台,臺,內文一律用「台」；法律文件地址依登記資料（DR-008）
zh,tw,軟體,軟件,
zh,tw,硬體,硬件,
zh,tw,網路,網絡,
zh,tw,資訊,信息,
zh,tw,影片,視頻,
zh,tw,品質,質量,指 quality 時
zh,tw,預設,默認,
zh,tw,連結,鏈接,
zh,tw,登入,登錄,
zh,tw,帳號,賬號|账号,
zh,tw,專案,,指 project 時用「專案」；「項目」在台灣指條目，例如服務項目
zh,tw,演算法,算法,
zh,tw,列印,打印,
zh,tw,資料,,指 data 時多用「資料」；「大數據」等慣用語照用
zh,tw,程式,,指 program 或 code 時；「程序」在台灣指流程，例如法律程序
zh,tw,介面,界面,
zh,tw,元件,組件,指 component 時
zh,tw,模組,模塊,
zh,tw,物件,,指 object 時；「對象」在台灣指人或目標，例如合作對象
zh,tw,變數,變量,
zh,tw,伺服器,服務器,
zh,tw,回饋,反饋,
zh,tw,文件,文檔,
zh,tw,除錯,調試,
zh,tw,營運,運營,
zh,tw,使用者,用戶,行銷文案稱「夥伴」「團隊」；產品介面可用「使用者」
zh,tw,支援,,指功能支援時用「支援」；「支持」用於支持某人或某個想法
zh,tw,檔案,,指 file 時用「檔案」；「文件」留給 document
zh,tw,雲端,雲上,
zh,tw,數位,數字化|數碼,指 digital 時
zh,tw,什麼,甚麼,
zh,tw,裡,裏,
zh,tw,週年,周年,
zh,tw,記憶體,內存,
zh,tw,螢幕,屏幕,
zh,tw,滑鼠,鼠標,
zh,tw,網站,,「網址」是 URL，「網站」是 website
zh,tw,行動裝置,移動端|移動設備,
zh,tw,最佳化,,「優化」在台灣也通用；技術文件優先用「最佳化」
en,brand,custom systems,solutions|one-size-fits-all,Name what we build
en,brand,systems partner,AI agency|dev shop|vendor,We are a partner rather than a vendor
en,brand,worth growing,fast and cheap|cheap and fast,
en,brand,make difficult things feel like magic,revolutionary|disruptive|game-changing|cutting-edge,No hype
en,brand,help|build|enable a specific outcome,leverage|empower|synergy,Name the outcome instead
en,brand,partners|teams|founders,customers,In marketing and proposals
en,brand,custom,bespoke,Brand book uses custom
en,brand,work together,dominate|conquer|crush,No war language
